,file_path,label,image_size,image_size_kb
0,/content/drive/MyDrive/projet/dataset/Training/Training/notsmoking_0001.jpg,not-smoking,"(250, 250)",70.416015625
1,/content/drive/MyDrive/projet/dataset/Training/Training/notsmoking_0002.jpg,not-smoking,"(250, 250)",74.4384765625
2,/content/drive/MyDrive/projet/dataset/Training/Training/notsmoking_0003.jpg,not-smoking,"(250, 250)",82.7373046875
3,/content/drive/MyDrive/projet/dataset/Training/Training/notsmoking_0005.jpg,not-smoking,"(250, 250)",71.9267578125
4,/content/drive/MyDrive/projet/dataset/Training/Training/notsmoking_0007.jpg,not-smoking,"(250, 250)",44.44140625
5,/content/drive/MyDrive/projet/dataset/Training/Training/notsmoking_0008.jpg,not-smoking,"(250, 250)",58.896484375
6,/content/drive/MyDrive/projet/dataset/Training/Training/notsmoking_0009.jpg,not-smoking,"(250, 250)",93.322265625
7,/content/drive/MyDrive/projet/dataset/Training/Training/notsmoking_0010.jpg,not-smoking,"(250, 250)",63.8974609375
8,/content/drive/MyDrive/projet/dataset/Training/Training/notsmoking_0011.jpg,not-smoking,"(250, 250)",86.8046875
9,/content/drive/MyDrive/projet/dataset/Training/Training/notsmoking_0012.jpg,not-smoking,"(250, 250)",61.3349609375
10,/content/drive/MyDrive/projet/dataset/Training/Training/notsmoking_0013.jpg,not-smoking,"(250, 250)",81.0390625
11,/content/drive/MyDrive/projet/dataset/Training/Training/notsmoking_0015.jpg,not-smoking,"(250, 250)",79.9296875
12,/content/drive/MyDrive/projet/dataset/Training/Training/notsmoking_0016.jpg,not-smoking,"(250, 250)",65.810546875
13,/content/drive/MyDrive/projet/dataset/Training/Training/notsmoking_0019.jpg,not-smoking,"(250, 250)",91.08984375
14,/content/drive/MyDrive/projet/dataset/Training/Training/notsmoking_0020.jpg,not-smoking,"(250, 250)",75.26953125
15,/content/drive/MyDrive/projet/dataset/Training/Training/notsmoking_0021.jpg,not-smoking,"(250, 250)",68.595703125
16,/content/drive/MyDrive/projet/dataset/Training/Training/notsmoking_0022.jpg,not-smoking,"(250, 250)",70.9111328125
17,/content/drive/MyDrive/projet/dataset/Training/Training/notsmoking_0023.jpg,not-smoking,"(250, 250)",59.634765625
18,/content/drive/MyDrive/projet/dataset/Training/Training/notsmoking_0025.jpg,not-smoking,"(250, 250)",92.5205078125
19,/content/drive/MyDrive/projet/dataset/Training/Training/notsmoking_0027.jpg,not-smoking,"(250, 250)",70.8046875
20,/content/drive/MyDrive/projet/dataset/Training/Training/notsmoking_0028.jpg,not-smoking,"(250, 250)",64.7001953125
21,/content/drive/MyDrive/projet/dataset/Training/Training/notsmoking_0030.jpg,not-smoking,"(250, 250)",66.642578125
22,/content/drive/MyDrive/projet/dataset/Training/Training/notsmoking_0031.jpg,not-smoking,"(250, 250)",41.3232421875
23,/content/drive/MyDrive/projet/dataset/Training/Training/notsmoking_0033.jpg,not-smoking,"(250, 250)",49.70703125
24,/content/drive/MyDrive/projet/dataset/Training/Training/notsmoking_0035.jpg,not-smoking,"(250, 250)",74.97265625
25,/content/drive/MyDrive/projet/dataset/Training/Training/notsmoking_0037.jpg,not-smoking,"(250, 250)",86.1396484375
26,/content/drive/MyDrive/projet/dataset/Training/Training/notsmoking_0038.jpg,not-smoking,"(250, 250)",77.857421875
27,/content/drive/MyDrive/projet/dataset/Training/Training/notsmoking_0039.jpg,not-smoking,"(250, 250)",78.0302734375
28,/content/drive/MyDrive/projet/dataset/Training/Training/notsmoking_0040.jpg,not-smoking,"(250, 250)",52.5703125
29,/content/drive/MyDrive/projet/dataset/Training/Training/notsmoking_0042.jpg,not-smoking,"(250, 250)",57.751953125
30,/content/drive/MyDrive/projet/dataset/Training/Training/notsmoking_0043.jpg,not-smoking,"(250, 250)",75.03515625
31,/content/drive/MyDrive/projet/dataset/Training/Training/notsmoking_0045.jpg,not-smoking,"(250, 250)",53.783203125
32,/content/drive/MyDrive/projet/dataset/Training/Training/notsmoking_0046.jpg,not-smoking,"(250, 250)",45.5810546875
33,/content/drive/MyDrive/projet/dataset/Training/Training/notsmoking_0047.jpg,not-smoking,"(250, 250)",85.537109375
34,/content/drive/MyDrive/projet/dataset/Training/Training/notsmoking_0050.jpg,not-smoking,"(250, 250)",72.466796875
35,/content/drive/MyDrive/projet/dataset/Training/Training/notsmoking_0051.jpg,not-smoking,"(250, 250)",73.2998046875
36,/content/drive/MyDrive/projet/dataset/Training/Training/notsmoking_0054.jpg,not-smoking,"(250, 250)",84.060546875
37,/content/drive/MyDrive/projet/dataset/Training/Training/notsmoking_0055.jpg,not-smoking,"(250, 250)",76.541015625
38,/content/drive/MyDrive/projet/dataset/Training/Training/notsmoking_0056.jpg,not-smoking,"(250, 250)",92.4091796875
39,/content/drive/MyDrive/projet/dataset/Training/Training/notsmoking_0059.jpg,not-smoking,"(250, 250)",72.927734375
40,/content/drive/MyDrive/projet/dataset/Training/Training/notsmoking_0060.jpg,not-smoking,"(250, 250)",84.978515625
41,/content/drive/MyDrive/projet/dataset/Training/Training/notsmoking_0061.jpg,not-smoking,"(250, 250)",71.6123046875
42,/content/drive/MyDrive/projet/dataset/Training/Training/notsmoking_0064.jpg,not-smoking,"(250, 250)",36.4912109375
43,/content/drive/MyDrive/projet/dataset/Training/Training/notsmoking_0065.jpg,not-smoking,"(250, 250)",56.6669921875
44,/content/drive/MyDrive/projet/dataset/Training/Training/notsmoking_0066.jpg,not-smoking,"(250, 250)",76.1796875
45,/content/drive/MyDrive/projet/dataset/Training/Training/notsmoking_0067.jpg,not-smoking,"(250, 250)",63.3681640625
46,/content/drive/MyDrive/projet/dataset/Training/Training/notsmoking_0068.jpg,not-smoking,"(250, 250)",55.783203125
47,/content/drive/MyDrive/projet/dataset/Training/Training/notsmoking_0070.jpg,not-smoking,"(250, 250)",71.1923828125
48,/content/drive/MyDrive/projet/dataset/Training/Training/notsmoking_0072.jpg,not-smoking,"(250, 250)",71.4140625
49,/content/drive/MyDrive/projet/dataset/Training/Training/notsmoking_0074.jpg,not-smoking,"(250, 250)",72.97265625
50,/content/drive/MyDrive/projet/dataset/Training/Training/notsmoking_0076.jpg,not-smoking,"(250, 250)",69.751953125
51,/content/drive/MyDrive/projet/dataset/Training/Training/notsmoking_0077.jpg,not-smoking,"(250, 250)",68.34375
52,/content/drive/MyDrive/projet/dataset/Training/Training/notsmoking_0079.jpg,not-smoking,"(250, 250)",66.302734375
53,/content/drive/MyDrive/projet/dataset/Training/Training/notsmoking_0080.jpg,not-smoking,"(250, 250)",59.296875
54,/content/drive/MyDrive/projet/dataset/Training/Training/notsmoking_0082.jpg,not-smoking,"(250, 250)",72.2158203125
55,/content/drive/MyDrive/projet/dataset/Training/Training/notsmoking_0083.jpg,not-smoking,"(250, 250)",67.5478515625
56,/content/drive/MyDrive/projet/dataset/Training/Training/notsmoking_0086.jpg,not-smoking,"(250, 250)",53.5693359375
57,/content/drive/MyDrive/projet/dataset/Training/Training/notsmoking_0087.jpg,not-smoking,"(250, 250)",74.1611328125
58,/content/drive/MyDrive/projet/dataset/Training/Training/notsmoking_0088.jpg,not-smoking,"(250, 250)",85.1220703125
59,/content/drive/MyDrive/projet/dataset/Training/Training/notsmoking_0089.jpg,not-smoking,"(250, 250)",63.703125
60,/content/drive/MyDrive/projet/dataset/Training/Training/notsmoking_0090.jpg,not-smoking,"(250, 250)",55.2841796875
61,/content/drive/MyDrive/projet/dataset/Training/Training/notsmoking_0093.jpg,not-smoking,"(250, 250)",78.966796875
62,/content/drive/MyDrive/projet/dataset/Training/Training/notsmoking_0094.jpg,not-smoking,"(250, 250)",88.8828125
63,/content/drive/MyDrive/projet/dataset/Training/Training/notsmoking_0097.jpg,not-smoking,"(250, 250)",74.0556640625
64,/content/drive/MyDrive/projet/dataset/Training/Training/notsmoking_0098.jpg,not-smoking,"(250, 250)",63.3486328125
65,/content/drive/MyDrive/projet/dataset/Training/Training/notsmoking_0099.jpg,not-smoking,"(250, 250)",125.9423828125
66,/content/drive/MyDrive/projet/dataset/Training/Training/notsmoking_0101.jpg,not-smoking,"(250, 250)",54.3916015625
67,/content/drive/MyDrive/projet/dataset/Training/Training/notsmoking_0102.jpg,not-smoking,"(250, 250)",94.119140625
68,/content/drive/MyDrive/projet/dataset/Training/Training/notsmoking_0103.jpg,not-smoking,"(250, 250)",71.671875
69,/content/drive/MyDrive/projet/dataset/Training/Training/notsmoking_0106.jpg,not-smoking,"(250, 250)",63.265625
70,/content/drive/MyDrive/projet/dataset/Training/Training/notsmoking_0109.jpg,not-smoking,"(250, 250)",64.67578125
71,/content/drive/MyDrive/projet/dataset/Training/Training/notsmoking_0110.jpg,not-smoking,"(250, 250)",62.6044921875
72,/content/drive/MyDrive/projet/dataset/Training/Training/notsmoking_0111.jpg,not-smoking,"(250, 250)",69.109375
73,/content/drive/MyDrive/projet/dataset/Training/Training/notsmoking_0112.jpg,not-smoking,"(250, 250)",72.0546875
74,/content/drive/MyDrive/projet/dataset/Training/Training/notsmoking_0113.jpg,not-smoking,"(250, 250)",64.1142578125
75,/content/drive/MyDrive/projet/dataset/Training/Training/notsmoking_0117.jpg,not-smoking,"(250, 250)",49.19140625
76,/content/drive/MyDrive/projet/dataset/Training/Training/notsmoking_0118.jpg,not-smoking,"(250, 250)",72.828125
77,/content/drive/MyDrive/projet/dataset/Training/Training/notsmoking_0119.jpg,not-smoking,"(250, 250)",58.8818359375
78,/content/drive/MyDrive/projet/dataset/Training/Training/notsmoking_0121.jpg,not-smoking,"(250, 250)",75.80859375
79,/content/drive/MyDrive/projet/dataset/Training/Training/notsmoking_0123.jpg,not-smoking,"(250, 250)",101.3603515625
80,/content/drive/MyDrive/projet/dataset/Training/Training/notsmoking_0125.jpg,not-smoking,"(250, 250)",70.26171875
81,/content/drive/MyDrive/projet/dataset/Training/Training/notsmoking_0126.jpg,not-smoking,"(250, 250)",69.646484375
82,/content/drive/MyDrive/projet/dataset/Training/Training/notsmoking_0127.jpg,not-smoking,"(250, 250)",93.318359375
83,/content/drive/MyDrive/projet/dataset/Training/Training/notsmoking_0128.jpg,not-smoking,"(250, 250)",64.2451171875
84,/content/drive/MyDrive/projet/dataset/Training/Training/notsmoking_0129.jpg,not-smoking,"(250, 250)",67.7783203125
85,/content/drive/MyDrive/projet/dataset/Training/Training/notsmoking_0131.jpg,not-smoking,"(250, 250)",84.7080078125
86,/content/drive/MyDrive/projet/dataset/Training/Training/notsmoking_0132.jpg,not-smoking,"(250, 250)",68.919921875
87,/content/drive/MyDrive/projet/dataset/Training/Training/notsmoking_0135.jpg,not-smoking,"(250, 250)",51.6240234375
88,/content/drive/MyDrive/projet/dataset/Training/Training/notsmoking_0136.jpg,not-smoking,"(250, 250)",67.6669921875
89,/content/drive/MyDrive/projet/dataset/Training/Training/notsmoking_0138.jpg,not-smoking,"(250, 250)",59.71484375
90,/content/drive/MyDrive/projet/dataset/Training/Training/notsmoking_0139.jpg,not-smoking,"(250, 250)",87.5205078125
91,/content/drive/MyDrive/projet/dataset/Training/Training/notsmoking_0142.jpg,not-smoking,"(250, 250)",72.2294921875
92,/content/drive/MyDrive/projet/dataset/Training/Training/notsmoking_0143.jpg,not-smoking,"(250, 250)",69.8984375
93,/content/drive/MyDrive/projet/dataset/Training/Training/notsmoking_0144.jpg,not-smoking,"(250, 250)",71.5634765625
94,/content/drive/MyDrive/projet/dataset/Training/Training/notsmoking_0146.jpg,not-smoking,"(250, 250)",73.2861328125
95,/content/drive/MyDrive/projet/dataset/Training/Training/notsmoking_0148.jpg,not-smoking,"(250, 250)",83.119140625
96,/content/drive/MyDrive/projet/dataset/Training/Training/notsmoking_0149.jpg,not-smoking,"(250, 250)",61.705078125
97,/content/drive/MyDrive/projet/dataset/Training/Training/notsmoking_0150.jpg,not-smoking,"(250, 250)",57.0087890625
98,/content/drive/MyDrive/projet/dataset/Training/Training/notsmoking_0152.jpg,not-smoking,"(250, 250)",47.8310546875
99,/content/drive/MyDrive/projet/dataset/Training/Training/notsmoking_0154.jpg,not-smoking,"(250, 250)",67.4150390625
100,/content/drive/MyDrive/projet/dataset/Training/Training/notsmoking_0156.jpg,not-smoking,"(250, 250)",71.6220703125
101,/content/drive/MyDrive/projet/dataset/Training/Training/notsmoking_0157.jpg,not-smoking,"(250, 250)",69.41015625
102,/content/drive/MyDrive/projet/dataset/Training/Training/notsmoking_0160.jpg,not-smoking,"(250, 250)",79.34375
103,/content/drive/MyDrive/projet/dataset/Training/Training/notsmoking_0161.jpg,not-smoking,"(250, 250)",63.6015625
104,/content/drive/MyDrive/projet/dataset/Training/Training/notsmoking_0162.jpg,not-smoking,"(250, 250)",60.9404296875
105,/content/drive/MyDrive/projet/dataset/Training/Training/notsmoking_0164.jpg,not-smoking,"(250, 250)",65.53125
106,/content/drive/MyDrive/projet/dataset/Training/Training/notsmoking_0166.jpg,not-smoking,"(250, 250)",49.1015625
107,/content/drive/MyDrive/projet/dataset/Training/Training/notsmoking_0168.jpg,not-smoking,"(250, 250)",69.2734375
108,/content/drive/MyDrive/projet/dataset/Training/Training/notsmoking_0169.jpg,not-smoking,"(250, 250)",74.4453125
109,/content/drive/MyDrive/projet/dataset/Training/Training/notsmoking_0170.jpg,not-smoking,"(250, 250)",54.4208984375
110,/content/drive/MyDrive/projet/dataset/Training/Training/notsmoking_0173.jpg,not-smoking,"(250, 250)",77.1171875
111,/content/drive/MyDrive/projet/dataset/Training/Training/notsmoking_0174.jpg,not-smoking,"(250, 250)",69.083984375
112,/content/drive/MyDrive/projet/dataset/Training/Training/notsmoking_0175.jpg,not-smoking,"(250, 250)",63.740234375
113,/content/drive/MyDrive/projet/dataset/Training/Training/notsmoking_0176.jpg,not-smoking,"(250, 250)",73.330078125
114,/content/drive/MyDrive/projet/dataset/Training/Training/notsmoking_0178.jpg,not-smoking,"(250, 250)",77.751953125
115,/content/drive/MyDrive/projet/dataset/Training/Training/notsmoking_0179.jpg,not-smoking,"(250, 250)",64.7353515625
116,/content/drive/MyDrive/projet/dataset/Training/Training/notsmoking_0181.jpg,not-smoking,"(250, 250)",101.3818359375
117,/content/drive/MyDrive/projet/dataset/Training/Training/notsmoking_0183.jpg,not-smoking,"(250, 250)",61.5234375
118,/content/drive/MyDrive/projet/dataset/Training/Training/notsmoking_0184.jpg,not-smoking,"(250, 250)",82.4638671875
119,/content/drive/MyDrive/projet/dataset/Training/Training/notsmoking_0186.jpg,not-smoking,"(250, 250)",76.3828125
120,/content/drive/MyDrive/projet/dataset/Training/Training/notsmoking_0187.jpg,not-smoking,"(250, 250)",73.46484375
121,/content/drive/MyDrive/projet/dataset/Training/Training/notsmoking_0188.jpg,not-smoking,"(250, 250)",61.1064453125
122,/content/drive/MyDrive/projet/dataset/Training/Training/notsmoking_0189.jpg,not-smoking,"(250, 250)",50.08203125
123,/content/drive/MyDrive/projet/dataset/Training/Training/notsmoking_0191.jpg,not-smoking,"(250, 250)",87.576171875
124,/content/drive/MyDrive/projet/dataset/Training/Training/notsmoking_0193.jpg,not-smoking,"(250, 250)",63.15234375
125,/content/drive/MyDrive/projet/dataset/Training/Training/notsmoking_0195.jpg,not-smoking,"(250, 250)",62.625
126,/content/drive/MyDrive/projet/dataset/Training/Training/notsmoking_0196.jpg,not-smoking,"(250, 250)",77.06640625
127,/content/drive/MyDrive/projet/dataset/Training/Training/notsmoking_0197.jpg,not-smoking,"(250, 250)",59.9208984375
128,/content/drive/MyDrive/projet/dataset/Training/Training/notsmoking_0199.jpg,not-smoking,"(250, 250)",90.408203125
129,/content/drive/MyDrive/projet/dataset/Training/Training/notsmoking_0200.jpg,not-smoking,"(250, 250)",87.3037109375
130,/content/drive/MyDrive/projet/dataset/Training/Training/notsmoking_0201.jpg,not-smoking,"(250, 250)",80.2548828125
131,/content/drive/MyDrive/projet/dataset/Training/Training/notsmoking_0203.jpg,not-smoking,"(250, 250)",77.5107421875
132,/content/drive/MyDrive/projet/dataset/Training/Training/notsmoking_0204.jpg,not-smoking,"(250, 250)",70.2880859375
133,/content/drive/MyDrive/projet/dataset/Training/Training/notsmoking_0206.jpg,not-smoking,"(250, 250)",61.939453125
134,/content/drive/MyDrive/projet/dataset/Training/Training/notsmoking_0208.jpg,not-smoking,"(250, 250)",73.0068359375
135,/content/drive/MyDrive/projet/dataset/Training/Training/notsmoking_0210.jpg,not-smoking,"(250, 250)",69.41796875
136,/content/drive/MyDrive/projet/dataset/Training/Training/notsmoking_0211.jpg,not-smoking,"(250, 250)",84.9619140625
137,/content/drive/MyDrive/projet/dataset/Training/Training/notsmoking_0214.jpg,not-smoking,"(250, 250)",86.9658203125
138,/content/drive/MyDrive/projet/dataset/Training/Training/notsmoking_0215.jpg,not-smoking,"(250, 250)",76.869140625
139,/content/drive/MyDrive/projet/dataset/Training/Training/notsmoking_0218.jpg,not-smoking,"(250, 250)",100.7431640625
140,/content/drive/MyDrive/projet/dataset/Training/Training/notsmoking_0219.jpg,not-smoking,"(250, 250)",73.2763671875
141,/content/drive/MyDrive/projet/dataset/Training/Training/notsmoking_0220.jpg,not-smoking,"(250, 250)",77.7412109375
142,/content/drive/MyDrive/projet/dataset/Training/Training/notsmoking_0221.jpg,not-smoking,"(250, 250)",75.3046875
143,/content/drive/MyDrive/projet/dataset/Training/Training/notsmoking_0224.jpg,not-smoking,"(250, 250)",104.2958984375
144,/content/drive/MyDrive/projet/dataset/Training/Training/notsmoking_0225.jpg,not-smoking,"(250, 250)",59.267578125
145,/content/drive/MyDrive/projet/dataset/Training/Training/notsmoking_0226.jpg,not-smoking,"(250, 250)",65.15625
146,/content/drive/MyDrive/projet/dataset/Training/Training/notsmoking_0227.jpg,not-smoking,"(250, 250)",62.34375
147,/content/drive/MyDrive/projet/dataset/Training/Training/notsmoking_0229.jpg,not-smoking,"(250, 250)",75.892578125
148,/content/drive/MyDrive/projet/dataset/Training/Training/notsmoking_0230.jpg,not-smoking,"(250, 250)",69.1953125
149,/content/drive/MyDrive/projet/dataset/Training/Training/notsmoking_0231.jpg,not-smoking,"(250, 250)",53.4365234375
150,/content/drive/MyDrive/projet/dataset/Training/Training/notsmoking_0232.jpg,not-smoking,"(250, 250)",63.3955078125
151,/content/drive/MyDrive/projet/dataset/Training/Training/notsmoking_0234.jpg,not-smoking,"(250, 250)",79.1533203125
152,/content/drive/MyDrive/projet/dataset/Training/Training/notsmoking_0236.jpg,not-smoking,"(250, 250)",60.48828125
153,/content/drive/MyDrive/projet/dataset/Training/Training/notsmoking_0237.jpg,not-smoking,"(250, 250)",70.599609375
154,/content/drive/MyDrive/projet/dataset/Training/Training/notsmoking_0240.jpg,not-smoking,"(250, 250)",74.646484375
155,/content/drive/MyDrive/projet/dataset/Training/Training/notsmoking_0241.jpg,not-smoking,"(250, 250)",53.216796875
156,/content/drive/MyDrive/projet/dataset/Training/Training/notsmoking_0242.jpg,not-smoking,"(250, 250)",56.814453125
157,/content/drive/MyDrive/projet/dataset/Training/Training/notsmoking_0243.jpg,not-smoking,"(250, 250)",79.158203125
158,/content/drive/MyDrive/projet/dataset/Training/Training/notsmoking_0244.jpg,not-smoking,"(250, 250)",62.125
159,/content/drive/MyDrive/projet/dataset/Training/Training/notsmoking_0245.jpg,not-smoking,"(250, 250)",66.951171875
160,/content/drive/MyDrive/projet/dataset/Training/Training/notsmoking_0247.jpg,not-smoking,"(250, 250)",64.654296875
161,/content/drive/MyDrive/projet/dataset/Training/Training/notsmoking_0249.jpg,not-smoking,"(250, 250)",67.8896484375
162,/content/drive/MyDrive/projet/dataset/Training/Training/notsmoking_0250.jpg,not-smoking,"(250, 250)",68.3134765625
163,/content/drive/MyDrive/projet/dataset/Training/Training/notsmoking_0253.jpg,not-smoking,"(250, 250)",56.06640625
164,/content/drive/MyDrive/projet/dataset/Training/Training/notsmoking_0254.jpg,not-smoking,"(250, 250)",63.3779296875
165,/content/drive/MyDrive/projet/dataset/Training/Training/notsmoking_0256.jpg,not-smoking,"(250, 250)",60.8525390625
166,/content/drive/MyDrive/projet/dataset/Training/Training/notsmoking_0257.jpg,not-smoking,"(250, 250)",55.1044921875
167,/content/drive/MyDrive/projet/dataset/Training/Training/notsmoking_0260.jpg,not-smoking,"(250, 250)",67.1552734375
168,/content/drive/MyDrive/projet/dataset/Training/Training/notsmoking_0261.jpg,not-smoking,"(250, 250)",66.2021484375
169,/content/drive/MyDrive/projet/dataset/Training/Training/notsmoking_0262.jpg,not-smoking,"(250, 250)",72.4833984375
170,/content/drive/MyDrive/projet/dataset/Training/Training/notsmoking_0264.jpg,not-smoking,"(250, 250)",57.369140625
171,/content/drive/MyDrive/projet/dataset/Training/Training/notsmoking_0265.jpg,not-smoking,"(250, 250)",74.53125
172,/content/drive/MyDrive/projet/dataset/Training/Training/notsmoking_0266.jpg,not-smoking,"(250, 250)",56.2265625
173,/content/drive/MyDrive/projet/dataset/Training/Training/notsmoking_0267.jpg,not-smoking,"(250, 250)",60.0791015625
174,/content/drive/MyDrive/projet/dataset/Training/Training/notsmoking_0269.jpg,not-smoking,"(250, 250)",78.283203125
175,/content/drive/MyDrive/projet/dataset/Training/Training/notsmoking_0270.jpg,not-smoking,"(250, 250)",55.181640625
176,/content/drive/MyDrive/projet/dataset/Training/Training/notsmoking_0271.jpg,not-smoking,"(250, 250)",69.2099609375
177,/content/drive/MyDrive/projet/dataset/Training/Training/notsmoking_0273.jpg,not-smoking,"(250, 250)",61.892578125
178,/content/drive/MyDrive/projet/dataset/Training/Training/notsmoking_0274.jpg,not-smoking,"(250, 250)",58.8544921875
179,/content/drive/MyDrive/projet/dataset/Training/Training/notsmoking_0276.jpg,not-smoking,"(250, 250)",68.6396484375
180,/content/drive/MyDrive/projet/dataset/Training/Training/notsmoking_0277.jpg,not-smoking,"(250, 250)",69.7666015625
181,/content/drive/MyDrive/projet/dataset/Training/Training/notsmoking_0279.jpg,not-smoking,"(250, 250)",68.646484375
182,/content/drive/MyDrive/projet/dataset/Training/Training/notsmoking_0280.jpg,not-smoking,"(250, 250)",83.046875
183,/content/drive/MyDrive/projet/dataset/Training/Training/notsmoking_0282.jpg,not-smoking,"(250, 250)",68.6552734375
184,/content/drive/MyDrive/projet/dataset/Training/Training/notsmoking_0285.jpg,not-smoking,"(250, 250)",70.8154296875
185,/content/drive/MyDrive/projet/dataset/Training/Training/notsmoking_0286.jpg,not-smoking,"(250, 250)",55.1943359375
186,/content/drive/MyDrive/projet/dataset/Training/Training/notsmoking_0287.jpg,not-smoking,"(250, 250)",50.7900390625
187,/content/drive/MyDrive/projet/dataset/Training/Training/notsmoking_0288.jpg,not-smoking,"(250, 250)",61.7861328125
188,/content/drive/MyDrive/projet/dataset/Training/Training/notsmoking_0290.jpg,not-smoking,"(250, 250)",68.1796875
189,/content/drive/MyDrive/projet/dataset/Training/Training/notsmoking_0292.jpg,not-smoking,"(250, 250)",66.400390625
190,/content/drive/MyDrive/projet/dataset/Training/Training/notsmoking_0293.jpg,not-smoking,"(250, 250)",50.171875
191,/content/drive/MyDrive/projet/dataset/Training/Training/notsmoking_0295.jpg,not-smoking,"(250, 250)",83.97265625
192,/content/drive/MyDrive/projet/dataset/Training/Training/notsmoking_0296.jpg,not-smoking,"(250, 250)",69.9775390625
193,/content/drive/MyDrive/projet/dataset/Training/Training/notsmoking_0297.jpg,not-smoking,"(250, 250)",67.0947265625
194,/content/drive/MyDrive/projet/dataset/Training/Training/notsmoking_0299.jpg,not-smoking,"(250, 250)",61.6328125
195,/content/drive/MyDrive/projet/dataset/Training/Training/notsmoking_0300.jpg,not-smoking,"(250, 250)",68.671875
196,/content/drive/MyDrive/projet/dataset/Training/Training/notsmoking_0302.jpg,not-smoking,"(250, 250)",54.5361328125
197,/content/drive/MyDrive/projet/dataset/Training/Training/notsmoking_0303.jpg,not-smoking,"(250, 250)",93.6494140625
198,/content/drive/MyDrive/projet/dataset/Training/Training/notsmoking_0304.jpg,not-smoking,"(250, 250)",74.125
199,/content/drive/MyDrive/projet/dataset/Training/Training/notsmoking_0305.jpg,not-smoking,"(250, 250)",70.4677734375
200,/content/drive/MyDrive/projet/dataset/Training/Training/notsmoking_0308.jpg,not-smoking,"(250, 250)",64.80859375
201,/content/drive/MyDrive/projet/dataset/Training/Training/notsmoking_0309.jpg,not-smoking,"(250, 250)",75.314453125
202,/content/drive/MyDrive/projet/dataset/Training/Training/notsmoking_0311.jpg,not-smoking,"(250, 250)",76.525390625
203,/content/drive/MyDrive/projet/dataset/Training/Training/notsmoking_0312.jpg,not-smoking,"(250, 250)",70.4326171875
204,/content/drive/MyDrive/projet/dataset/Training/Training/notsmoking_0314.jpg,not-smoking,"(250, 250)",60.3916015625
205,/content/drive/MyDrive/projet/dataset/Training/Training/notsmoking_0316.jpg,not-smoking,"(250, 250)",72.5693359375
206,/content/drive/MyDrive/projet/dataset/Training/Training/notsmoking_0317.jpg,not-smoking,"(250, 250)",74.3994140625
207,/content/drive/MyDrive/projet/dataset/Training/Training/notsmoking_0318.jpg,not-smoking,"(250, 250)",74.3818359375
208,/content/drive/MyDrive/projet/dataset/Training/Training/notsmoking_0320.jpg,not-smoking,"(250, 250)",60.966796875
209,/content/drive/MyDrive/projet/dataset/Training/Training/notsmoking_0322.jpg,not-smoking,"(250, 250)",75.8134765625
210,/content/drive/MyDrive/projet/dataset/Training/Training/notsmoking_0323.jpg,not-smoking,"(250, 250)",67.1630859375
211,/content/drive/MyDrive/projet/dataset/Training/Training/notsmoking_0324.jpg,not-smoking,"(250, 250)",100.0244140625
212,/content/drive/MyDrive/projet/dataset/Training/Training/notsmoking_0325.jpg,not-smoking,"(250, 250)",68.1123046875
213,/content/drive/MyDrive/projet/dataset/Training/Training/notsmoking_0326.jpg,not-smoking,"(250, 250)",74.1298828125
214,/content/drive/MyDrive/projet/dataset/Training/Training/notsmoking_0330.jpg,not-smoking,"(250, 250)",71.3271484375
215,/content/drive/MyDrive/projet/dataset/Training/Training/notsmoking_0331.jpg,not-smoking,"(250, 250)",54.4697265625
216,/content/drive/MyDrive/projet/dataset/Training/Training/notsmoking_0332.jpg,not-smoking,"(250, 250)",71.9443359375
217,/content/drive/MyDrive/projet/dataset/Training/Training/notsmoking_0334.jpg,not-smoking,"(250, 250)",70.01953125
218,/content/drive/MyDrive/projet/dataset/Training/Training/notsmoking_0335.jpg,not-smoking,"(250, 250)",67.27734375
219,/content/drive/MyDrive/projet/dataset/Training/Training/notsmoking_0337.jpg,not-smoking,"(250, 250)",58.466796875
220,/content/drive/MyDrive/projet/dataset/Training/Training/notsmoking_0339.jpg,not-smoking,"(250, 250)",61.47265625
221,/content/drive/MyDrive/projet/dataset/Training/Training/notsmoking_0340.jpg,not-smoking,"(250, 250)",69.841796875
222,/content/drive/MyDrive/projet/dataset/Training/Training/notsmoking_0341.jpg,not-smoking,"(250, 250)",68.296875
223,/content/drive/MyDrive/projet/dataset/Training/Training/notsmoking_0342.jpg,not-smoking,"(250, 250)",73.7587890625
224,/content/drive/MyDrive/projet/dataset/Training/Training/notsmoking_0343.jpg,not-smoking,"(250, 250)",76.01953125
225,/content/drive/MyDrive/projet/dataset/Training/Training/notsmoking_0346.jpg,not-smoking,"(250, 250)",75.0205078125
226,/content/drive/MyDrive/projet/dataset/Training/Training/notsmoking_0347.jpg,not-smoking,"(250, 250)",55.8994140625
227,/content/drive/MyDrive/projet/dataset/Training/Training/notsmoking_0348.jpg,not-smoking,"(250, 250)",75.0048828125
228,/content/drive/MyDrive/projet/dataset/Training/Training/notsmoking_0349.jpg,not-smoking,"(250, 250)",65.033203125
229,/content/drive/MyDrive/projet/dataset/Training/Training/notsmoking_0350.jpg,not-smoking,"(250, 250)",72.7626953125
230,/content/drive/MyDrive/projet/dataset/Training/Training/notsmoking_0352.jpg,not-smoking,"(250, 250)",79.3994140625
231,/content/drive/MyDrive/projet/dataset/Training/Training/notsmoking_0353.jpg,not-smoking,"(250, 250)",85.2861328125
232,/content/drive/MyDrive/projet/dataset/Training/Training/notsmoking_0355.jpg,not-smoking,"(250, 250)",73.427734375
233,/content/drive/MyDrive/projet/dataset/Training/Training/notsmoking_0356.jpg,not-smoking,"(250, 250)",63.8818359375
234,/content/drive/MyDrive/projet/dataset/Training/Training/notsmoking_0359.jpg,not-smoking,"(250, 250)",68.3798828125
235,/content/drive/MyDrive/projet/dataset/Training/Training/notsmoking_0361.jpg,not-smoking,"(250, 250)",71.35546875
236,/content/drive/MyDrive/projet/dataset/Training/Training/notsmoking_0362.jpg,not-smoking,"(250, 250)",68.763671875
237,/content/drive/MyDrive/projet/dataset/Training/Training/notsmoking_0363.jpg,not-smoking,"(250, 250)",71.3173828125
238,/content/drive/MyDrive/projet/dataset/Training/Training/notsmoking_0364.jpg,not-smoking,"(250, 250)",66.45703125
239,/content/drive/MyDrive/projet/dataset/Training/Training/notsmoking_0365.jpg,not-smoking,"(250, 250)",76.439453125
240,/content/drive/MyDrive/projet/dataset/Training/Training/notsmoking_0366.jpg,not-smoking,"(250, 250)",82.8203125
241,/content/drive/MyDrive/projet/dataset/Training/Training/notsmoking_0367.jpg,not-smoking,"(250, 250)",73.1884765625
242,/content/drive/MyDrive/projet/dataset/Training/Training/notsmoking_0370.jpg,not-smoking,"(250, 250)",64.6142578125
243,/content/drive/MyDrive/projet/dataset/Training/Training/notsmoking_0371.jpg,not-smoking,"(250, 250)",73.365234375
244,/content/drive/MyDrive/projet/dataset/Training/Training/notsmoking_0372.jpg,not-smoking,"(250, 250)",64.5126953125
245,/content/drive/MyDrive/projet/dataset/Training/Training/notsmoking_0375.jpg,not-smoking,"(250, 250)",78.6923828125
246,/content/drive/MyDrive/projet/dataset/Training/Training/notsmoking_0376.jpg,not-smoking,"(250, 250)",80.7783203125
247,/content/drive/MyDrive/projet/dataset/Training/Training/notsmoking_0379.jpg,not-smoking,"(250, 250)",68.9404296875
248,/content/drive/MyDrive/projet/dataset/Training/Training/notsmoking_0380.jpg,not-smoking,"(250, 250)",58.791015625
249,/content/drive/MyDrive/projet/dataset/Training/Training/notsmoking_0381.jpg,not-smoking,"(250, 250)",76.6162109375
250,/content/drive/MyDrive/projet/dataset/Training/Training/notsmoking_0383.jpg,not-smoking,"(250, 250)",69.9296875
251,/content/drive/MyDrive/projet/dataset/Training/Training/notsmoking_0384.jpg,not-smoking,"(250, 250)",74.337890625
252,/content/drive/MyDrive/projet/dataset/Training/Training/notsmoking_0386.jpg,not-smoking,"(250, 250)",79.8779296875
253,/content/drive/MyDrive/projet/dataset/Training/Training/notsmoking_0387.jpg,not-smoking,"(250, 250)",62.216796875
254,/content/drive/MyDrive/projet/dataset/Training/Training/notsmoking_0389.jpg,not-smoking,"(250, 250)",48.7451171875
255,/content/drive/MyDrive/projet/dataset/Training/Training/notsmoking_0390.jpg,not-smoking,"(250, 250)",74.0029296875
256,/content/drive/MyDrive/projet/dataset/Training/Training/notsmoking_0391.jpg,not-smoking,"(250, 250)",71.810546875
257,/content/drive/MyDrive/projet/dataset/Training/Training/notsmoking_0392.jpg,not-smoking,"(250, 250)",69.103515625
258,/content/drive/MyDrive/projet/dataset/Training/Training/notsmoking_0394.jpg,not-smoking,"(250, 250)",73.947265625
259,/content/drive/MyDrive/projet/dataset/Training/Training/notsmoking_0395.jpg,not-smoking,"(250, 250)",72.490234375
260,/content/drive/MyDrive/projet/dataset/Training/Training/notsmoking_0396.jpg,not-smoking,"(250, 250)",60.6171875
261,/content/drive/MyDrive/projet/dataset/Training/Training/notsmoking_0397.jpg,not-smoking,"(250, 250)",55.5859375
262,/content/drive/MyDrive/projet/dataset/Training/Training/notsmoking_0400.jpg,not-smoking,"(250, 250)",54.5908203125
263,/content/drive/MyDrive/projet/dataset/Training/Training/notsmoking_0401.jpg,not-smoking,"(250, 250)",62.3662109375
264,/content/drive/MyDrive/projet/dataset/Training/Training/notsmoking_0402.jpg,not-smoking,"(250, 250)",65.3759765625
265,/content/drive/MyDrive/projet/dataset/Training/Training/notsmoking_0404.jpg,not-smoking,"(250, 250)",50.0263671875
266,/content/drive/MyDrive/projet/dataset/Training/Training/notsmoking_0405.jpg,not-smoking,"(250, 250)",65.384765625
267,/content/drive/MyDrive/projet/dataset/Training/Training/notsmoking_0407.jpg,not-smoking,"(250, 250)",56.1376953125
268,/content/drive/MyDrive/projet/dataset/Training/Training/notsmoking_0408.jpg,not-smoking,"(250, 250)",55.7587890625
269,/content/drive/MyDrive/projet/dataset/Training/Training/notsmoking_0411.jpg,not-smoking,"(250, 250)",67.216796875
270,/content/drive/MyDrive/projet/dataset/Training/Training/notsmoking_0412.jpg,not-smoking,"(250, 250)",71.8369140625
271,/content/drive/MyDrive/projet/dataset/Training/Training/notsmoking_0413.jpg,not-smoking,"(250, 250)",68.3388671875
272,/content/drive/MyDrive/projet/dataset/Training/Training/notsmoking_0415.jpg,not-smoking,"(250, 250)",72.5283203125
273,/content/drive/MyDrive/projet/dataset/Training/Training/notsmoking_0416.jpg,not-smoking,"(250, 250)",83.5654296875
274,/content/drive/MyDrive/projet/dataset/Training/Training/notsmoking_0418.jpg,not-smoking,"(250, 250)",63.005859375
275,/content/drive/MyDrive/projet/dataset/Training/Training/notsmoking_0419.jpg,not-smoking,"(250, 250)",90.421875
276,/content/drive/MyDrive/projet/dataset/Training/Training/notsmoking_0421.jpg,not-smoking,"(250, 250)",69.8623046875
277,/content/drive/MyDrive/projet/dataset/Training/Training/notsmoking_0423.jpg,not-smoking,"(250, 250)",66.8603515625
278,/content/drive/MyDrive/projet/dataset/Training/Training/notsmoking_0424.jpg,not-smoking,"(250, 250)",90.201171875
279,/content/drive/MyDrive/projet/dataset/Training/Training/notsmoking_0425.jpg,not-smoking,"(250, 250)",80.369140625
280,/content/drive/MyDrive/projet/dataset/Training/Training/notsmoking_0427.jpg,not-smoking,"(250, 250)",61.8408203125
281,/content/drive/MyDrive/projet/dataset/Training/Training/notsmoking_0429.jpg,not-smoking,"(250, 250)",75.2939453125
282,/content/drive/MyDrive/projet/dataset/Training/Training/notsmoking_0430.jpg,not-smoking,"(250, 250)",66.9375
283,/content/drive/MyDrive/projet/dataset/Training/Training/notsmoking_0431.jpg,not-smoking,"(250, 250)",66.9013671875
284,/content/drive/MyDrive/projet/dataset/Training/Training/notsmoking_0434.jpg,not-smoking,"(250, 250)",55.2451171875
285,/content/drive/MyDrive/projet/dataset/Training/Training/notsmoking_0435.jpg,not-smoking,"(250, 250)",52.5830078125
286,/content/drive/MyDrive/projet/dataset/Training/Training/notsmoking_0436.jpg,not-smoking,"(250, 250)",63.7255859375
287,/content/drive/MyDrive/projet/dataset/Training/Training/notsmoking_0438.jpg,not-smoking,"(250, 250)",62.587890625
288,/content/drive/MyDrive/projet/dataset/Training/Training/notsmoking_0439.jpg,not-smoking,"(250, 250)",78.4921875
289,/content/drive/MyDrive/projet/dataset/Training/Training/notsmoking_0441.jpg,not-smoking,"(250, 250)",53.5859375
290,/content/drive/MyDrive/projet/dataset/Training/Training/notsmoking_0443.jpg,not-smoking,"(250, 250)",78.2724609375
291,/content/drive/MyDrive/projet/dataset/Training/Training/notsmoking_0444.jpg,not-smoking,"(250, 250)",61.3603515625
292,/content/drive/MyDrive/projet/dataset/Training/Training/notsmoking_0445.jpg,not-smoking,"(250, 250)",74.2421875
293,/content/drive/MyDrive/projet/dataset/Training/Training/notsmoking_0447.jpg,not-smoking,"(250, 250)",73.66015625
294,/content/drive/MyDrive/projet/dataset/Training/Training/notsmoking_0448.jpg,not-smoking,"(250, 250)",54.51171875
295,/content/drive/MyDrive/projet/dataset/Training/Training/notsmoking_0450.jpg,not-smoking,"(250, 250)",82.857421875
296,/content/drive/MyDrive/projet/dataset/Training/Training/notsmoking_0451.jpg,not-smoking,"(250, 250)",62.8037109375
297,/content/drive/MyDrive/projet/dataset/Training/Training/notsmoking_0452.jpg,not-smoking,"(250, 250)",67.13671875
298,/content/drive/MyDrive/projet/dataset/Training/Training/notsmoking_0453.jpg,not-smoking,"(250, 250)",56.9716796875
299,/content/drive/MyDrive/projet/dataset/Training/Training/notsmoking_0454.jpg,not-smoking,"(250, 250)",67.0908203125
300,/content/drive/MyDrive/projet/dataset/Training/Training/notsmoking_0456.jpg,not-smoking,"(250, 250)",57.2021484375
301,/content/drive/MyDrive/projet/dataset/Training/Training/notsmoking_0458.jpg,not-smoking,"(250, 250)",56.8173828125
302,/content/drive/MyDrive/projet/dataset/Training/Training/notsmoking_0459.jpg,not-smoking,"(250, 250)",54.9521484375
303,/content/drive/MyDrive/projet/dataset/Training/Training/notsmoking_0461.jpg,not-smoking,"(250, 250)",68.24609375
304,/content/drive/MyDrive/projet/dataset/Training/Training/notsmoking_0463.jpg,not-smoking,"(250, 250)",61.775390625
305,/content/drive/MyDrive/projet/dataset/Training/Training/notsmoking_0464.jpg,not-smoking,"(250, 250)",64.859375
306,/content/drive/MyDrive/projet/dataset/Training/Training/notsmoking_0466.jpg,not-smoking,"(250, 250)",90.2958984375
307,/content/drive/MyDrive/projet/dataset/Training/Training/notsmoking_0468.jpg,not-smoking,"(250, 250)",74.541015625
308,/content/drive/MyDrive/projet/dataset/Training/Training/notsmoking_0470.jpg,not-smoking,"(250, 250)",78.5166015625
309,/content/drive/MyDrive/projet/dataset/Training/Training/notsmoking_0471.jpg,not-smoking,"(250, 250)",67.5068359375
310,/content/drive/MyDrive/projet/dataset/Training/Training/notsmoking_0472.jpg,not-smoking,"(250, 250)",62.2568359375
311,/content/drive/MyDrive/projet/dataset/Training/Training/notsmoking_0473.jpg,not-smoking,"(250, 250)",76.41796875
312,/content/drive/MyDrive/projet/dataset/Training/Training/notsmoking_0474.jpg,not-smoking,"(250, 250)",70.33203125
313,/content/drive/MyDrive/projet/dataset/Training/Training/notsmoking_0475.jpg,not-smoking,"(250, 250)",68.1728515625
314,/content/drive/MyDrive/projet/dataset/Training/Training/notsmoking_0476.jpg,not-smoking,"(250, 250)",93.783203125
315,/content/drive/MyDrive/projet/dataset/Training/Training/notsmoking_0479.jpg,not-smoking,"(250, 250)",63.5234375
316,/content/drive/MyDrive/projet/dataset/Training/Training/notsmoking_0480.jpg,not-smoking,"(250, 250)",58.5458984375
317,/content/drive/MyDrive/projet/dataset/Training/Training/notsmoking_0483.jpg,not-smoking,"(250, 250)",56.791015625
318,/content/drive/MyDrive/projet/dataset/Training/Training/notsmoking_0484.jpg,not-smoking,"(250, 250)",81.8671875
319,/content/drive/MyDrive/projet/dataset/Training/Training/notsmoking_0485.jpg,not-smoking,"(250, 250)",55.40234375
320,/content/drive/MyDrive/projet/dataset/Training/Training/notsmoking_0486.jpg,not-smoking,"(250, 250)",68.111328125
321,/content/drive/MyDrive/projet/dataset/Training/Training/notsmoking_0489.jpg,not-smoking,"(250, 250)",80.56640625
322,/content/drive/MyDrive/projet/dataset/Training/Training/notsmoking_0490.jpg,not-smoking,"(250, 250)",63.125
323,/content/drive/MyDrive/projet/dataset/Training/Training/notsmoking_0491.jpg,not-smoking,"(250, 250)",60.271484375
324,/content/drive/MyDrive/projet/dataset/Training/Training/notsmoking_0492.jpg,not-smoking,"(250, 250)",54.318359375
325,/content/drive/MyDrive/projet/dataset/Training/Training/notsmoking_0495.jpg,not-smoking,"(250, 250)",82.4833984375
326,/content/drive/MyDrive/projet/dataset/Training/Training/notsmoking_0496.jpg,not-smoking,"(250, 250)",51.255859375
327,/content/drive/MyDrive/projet/dataset/Training/Training/notsmoking_0497.jpg,not-smoking,"(250, 250)",74.4716796875
328,/content/drive/MyDrive/projet/dataset/Training/Training/notsmoking_0499.jpg,not-smoking,"(250, 250)",77.5869140625
329,/content/drive/MyDrive/projet/dataset/Training/Training/notsmoking_0503.jpg,not-smoking,"(250, 250)",51.8154296875
330,/content/drive/MyDrive/projet/dataset/Training/Training/notsmoking_0505.jpg,not-smoking,"(250, 250)",69.3740234375
331,/content/drive/MyDrive/projet/dataset/Training/Training/notsmoking_0506.jpg,not-smoking,"(250, 250)",72.060546875
332,/content/drive/MyDrive/projet/dataset/Training/Training/notsmoking_0507.jpg,not-smoking,"(250, 250)",61.470703125
333,/content/drive/MyDrive/projet/dataset/Training/Training/notsmoking_0510.jpg,not-smoking,"(250, 250)",57.6142578125
334,/content/drive/MyDrive/projet/dataset/Training/Training/notsmoking_0511.jpg,not-smoking,"(250, 250)",70.6083984375
335,/content/drive/MyDrive/projet/dataset/Training/Training/notsmoking_0512.jpg,not-smoking,"(250, 250)",53.1669921875
336,/content/drive/MyDrive/projet/dataset/Training/Training/notsmoking_0513.jpg,not-smoking,"(250, 250)",51.9111328125
337,/content/drive/MyDrive/projet/dataset/Training/Training/notsmoking_0516.jpg,not-smoking,"(250, 250)",73.9775390625
338,/content/drive/MyDrive/projet/dataset/Training/Training/notsmoking_0520.jpg,not-smoking,"(250, 250)",70.974609375
339,/content/drive/MyDrive/projet/dataset/Training/Training/notsmoking_0523.jpg,not-smoking,"(250, 250)",64.4755859375
340,/content/drive/MyDrive/projet/dataset/Training/Training/notsmoking_0524.jpg,not-smoking,"(250, 250)",70.7958984375
341,/content/drive/MyDrive/projet/dataset/Training/Training/notsmoking_0526.jpg,not-smoking,"(250, 250)",67.7890625
342,/content/drive/MyDrive/projet/dataset/Training/Training/notsmoking_0527.jpg,not-smoking,"(250, 250)",64.16015625
343,/content/drive/MyDrive/projet/dataset/Training/Training/notsmoking_0536.jpg,not-smoking,"(250, 250)",72.4462890625
344,/content/drive/MyDrive/projet/dataset/Training/Training/notsmoking_0537.jpg,not-smoking,"(250, 250)",74.80078125
345,/content/drive/MyDrive/projet/dataset/Training/Training/notsmoking_0540.jpg,not-smoking,"(250, 250)",69.767578125
346,/content/drive/MyDrive/projet/dataset/Training/Training/notsmoking_0541.jpg,not-smoking,"(250, 250)",79.2900390625
347,/content/drive/MyDrive/projet/dataset/Training/Training/notsmoking_0544.jpg,not-smoking,"(250, 250)",78.5810546875
348,/content/drive/MyDrive/projet/dataset/Training/Training/notsmoking_0545.jpg,not-smoking,"(250, 250)",67.0205078125
349,/content/drive/MyDrive/projet/dataset/Training/Training/notsmoking_0546.jpg,not-smoking,"(250, 250)",60.23828125
350,/content/drive/MyDrive/projet/dataset/Training/Training/notsmoking_0548.jpg,not-smoking,"(250, 250)",88.0390625
351,/content/drive/MyDrive/projet/dataset/Training/Training/notsmoking_0550.jpg,not-smoking,"(250, 250)",80.876953125
352,/content/drive/MyDrive/projet/dataset/Training/Training/notsmoking_0551.jpg,not-smoking,"(250, 250)",60.36328125
353,/content/drive/MyDrive/projet/dataset/Training/Training/notsmoking_0552.jpg,not-smoking,"(250, 250)",77.3857421875
354,/content/drive/MyDrive/projet/dataset/Training/Training/notsmoking_0555.jpg,not-smoking,"(250, 250)",62.8623046875
355,/content/drive/MyDrive/projet/dataset/Training/Training/notsmoking_0556.jpg,not-smoking,"(250, 250)",73.6962890625
356,/content/drive/MyDrive/projet/dataset/Training/Training/notsmoking_0559.jpg,not-smoking,"(250, 250)",111.9765625
357,/content/drive/MyDrive/projet/dataset/Training/Training/notsmoking_0560.jpg,not-smoking,"(250, 250)",71.7431640625
358,/content/drive/MyDrive/projet/dataset/Training/Training/smoking_0001.jpg,smoking,"(250, 250)",56.0146484375
359,/content/drive/MyDrive/projet/dataset/Training/Training/smoking_0002.jpg,smoking,"(250, 250)",70.111328125
360,/content/drive/MyDrive/projet/dataset/Training/Training/smoking_0003.jpg,smoking,"(250, 250)",58.87890625
361,/content/drive/MyDrive/projet/dataset/Training/Training/smoking_0004.jpg,smoking,"(250, 250)",59.390625
362,/content/drive/MyDrive/projet/dataset/Training/Training/smoking_0005.jpg,smoking,"(250, 250)",76.03515625
363,/content/drive/MyDrive/projet/dataset/Training/Training/smoking_0007.jpg,smoking,"(250, 250)",45.7265625
364,/content/drive/MyDrive/projet/dataset/Training/Training/smoking_0008.jpg,smoking,"(250, 250)",70.869140625
365,/content/drive/MyDrive/projet/dataset/Training/Training/smoking_0010.jpg,smoking,"(250, 250)",54.3642578125
366,/content/drive/MyDrive/projet/dataset/Training/Training/smoking_0011.jpg,smoking,"(250, 250)",61.240234375
367,/content/drive/MyDrive/projet/dataset/Training/Training/smoking_0012.jpg,smoking,"(250, 250)",52.2236328125
368,/content/drive/MyDrive/projet/dataset/Training/Training/smoking_0013.jpg,smoking,"(250, 250)",75.3779296875
369,/content/drive/MyDrive/projet/dataset/Training/Training/smoking_0014.jpg,smoking,"(250, 250)",74.1904296875
370,/content/drive/MyDrive/projet/dataset/Training/Training/smoking_0015.jpg,smoking,"(250, 250)",78.4912109375
371,/content/drive/MyDrive/projet/dataset/Training/Training/smoking_0016.jpg,smoking,"(250, 250)",54.9501953125
372,/content/drive/MyDrive/projet/dataset/Training/Training/smoking_0017.jpg,smoking,"(250, 250)",81.275390625
373,/content/drive/MyDrive/projet/dataset/Training/Training/smoking_0019.jpg,smoking,"(250, 250)",72.7548828125
374,/content/drive/MyDrive/projet/dataset/Training/Training/smoking_0021.jpg,smoking,"(250, 250)",60.4814453125
375,/content/drive/MyDrive/projet/dataset/Training/Training/smoking_0022.jpg,smoking,"(250, 250)",67.0419921875
376,/content/drive/MyDrive/projet/dataset/Training/Training/smoking_0023.jpg,smoking,"(250, 250)",68.4599609375
377,/content/drive/MyDrive/projet/dataset/Training/Training/smoking_0025.jpg,smoking,"(250, 250)",54.451171875
378,/content/drive/MyDrive/projet/dataset/Training/Training/smoking_0027.jpg,smoking,"(250, 250)",77.2666015625
379,/content/drive/MyDrive/projet/dataset/Training/Training/smoking_0028.jpg,smoking,"(250, 250)",88.34765625
380,/content/drive/MyDrive/projet/dataset/Training/Training/smoking_0029.jpg,smoking,"(250, 250)",107.677734375
381,/content/drive/MyDrive/projet/dataset/Training/Training/smoking_0032.jpg,smoking,"(250, 250)",80.119140625
382,/content/drive/MyDrive/projet/dataset/Training/Training/smoking_0034.jpg,smoking,"(250, 250)",70.9814453125
383,/content/drive/MyDrive/projet/dataset/Training/Training/smoking_0035.jpg,smoking,"(250, 250)",118.73046875
384,/content/drive/MyDrive/projet/dataset/Training/Training/smoking_0037.jpg,smoking,"(250, 250)",93.509765625
385,/content/drive/MyDrive/projet/dataset/Training/Training/smoking_0039.jpg,smoking,"(250, 250)",84.8310546875
386,/content/drive/MyDrive/projet/dataset/Training/Training/smoking_0041.jpg,smoking,"(250, 250)",64.146484375
387,/content/drive/MyDrive/projet/dataset/Training/Training/smoking_0042.jpg,smoking,"(250, 250)",92.6181640625
388,/content/drive/MyDrive/projet/dataset/Training/Training/smoking_0044.jpg,smoking,"(250, 250)",52.6162109375
389,/content/drive/MyDrive/projet/dataset/Training/Training/smoking_0046.jpg,smoking,"(250, 250)",75.890625
390,/content/drive/MyDrive/projet/dataset/Training/Training/smoking_0048.jpg,smoking,"(250, 250)",92.5810546875
391,/content/drive/MyDrive/projet/dataset/Training/Training/smoking_0049.jpg,smoking,"(250, 250)",50.75
392,/content/drive/MyDrive/projet/dataset/Training/Training/smoking_0052.jpg,smoking,"(250, 250)",74.5068359375
393,/content/drive/MyDrive/projet/dataset/Training/Training/smoking_0053.jpg,smoking,"(250, 250)",91.265625
394,/content/drive/MyDrive/projet/dataset/Training/Training/smoking_0054.jpg,smoking,"(250, 250)",67.0341796875
395,/content/drive/MyDrive/projet/dataset/Training/Training/smoking_0055.jpg,smoking,"(250, 250)",65.4287109375
396,/content/drive/MyDrive/projet/dataset/Training/Training/smoking_0057.jpg,smoking,"(250, 250)",62.05078125
397,/content/drive/MyDrive/projet/dataset/Training/Training/smoking_0058.jpg,smoking,"(250, 250)",56.533203125
398,/content/drive/MyDrive/projet/dataset/Training/Training/smoking_0059.jpg,smoking,"(250, 250)",67.060546875
399,/content/drive/MyDrive/projet/dataset/Training/Training/smoking_0062.jpg,smoking,"(250, 250)",67.927734375
400,/content/drive/MyDrive/projet/dataset/Training/Training/smoking_0064.jpg,smoking,"(250, 250)",75.81640625
401,/content/drive/MyDrive/projet/dataset/Training/Training/smoking_0065.jpg,smoking,"(250, 250)",85.4619140625
402,/content/drive/MyDrive/projet/dataset/Training/Training/smoking_0066.jpg,smoking,"(250, 250)",59.1884765625
403,/content/drive/MyDrive/projet/dataset/Training/Training/smoking_0072.jpg,smoking,"(250, 250)",84.1630859375
404,/content/drive/MyDrive/projet/dataset/Training/Training/smoking_0075.jpg,smoking,"(250, 250)",83.41796875
405,/content/drive/MyDrive/projet/dataset/Training/Training/smoking_0077.jpg,smoking,"(250, 250)",59.1328125
406,/content/drive/MyDrive/projet/dataset/Training/Training/smoking_0078.jpg,smoking,"(250, 250)",95.572265625
407,/content/drive/MyDrive/projet/dataset/Training/Training/smoking_0079.jpg,smoking,"(250, 250)",85.19921875
408,/content/drive/MyDrive/projet/dataset/Training/Training/smoking_0080.jpg,smoking,"(250, 250)",56.4248046875
409,/content/drive/MyDrive/projet/dataset/Training/Training/smoking_0082.jpg,smoking,"(250, 250)",107.056640625
410,/content/drive/MyDrive/projet/dataset/Training/Training/smoking_0084.jpg,smoking,"(250, 250)",78.2197265625
411,/content/drive/MyDrive/projet/dataset/Training/Training/smoking_0085.jpg,smoking,"(250, 250)",71.9609375
412,/content/drive/MyDrive/projet/dataset/Training/Training/smoking_0086.jpg,smoking,"(250, 250)",73.6435546875
413,/content/drive/MyDrive/projet/dataset/Training/Training/smoking_0087.jpg,smoking,"(250, 250)",86.4189453125
414,/content/drive/MyDrive/projet/dataset/Training/Training/smoking_0090.jpg,smoking,"(250, 250)",91.251953125
415,/content/drive/MyDrive/projet/dataset/Training/Training/smoking_0091.jpg,smoking,"(250, 250)",80.751953125
416,/content/drive/MyDrive/projet/dataset/Training/Training/smoking_0092.jpg,smoking,"(250, 250)",56.0703125
417,/content/drive/MyDrive/projet/dataset/Training/Training/smoking_0094.jpg,smoking,"(250, 250)",74.548828125
418,/content/drive/MyDrive/projet/dataset/Training/Training/smoking_0095.jpg,smoking,"(250, 250)",85.76953125
419,/content/drive/MyDrive/projet/dataset/Training/Training/smoking_0097.jpg,smoking,"(250, 250)",84.8056640625
420,/content/drive/MyDrive/projet/dataset/Training/Training/smoking_0098.jpg,smoking,"(250, 250)",69.6025390625
421,/content/drive/MyDrive/projet/dataset/Training/Training/smoking_0099.jpg,smoking,"(250, 250)",89.2978515625
422,/content/drive/MyDrive/projet/dataset/Training/Training/smoking_0101.jpg,smoking,"(250, 250)",80.7421875
423,/content/drive/MyDrive/projet/dataset/Training/Training/smoking_0103.jpg,smoking,"(250, 250)",61.87109375
424,/content/drive/MyDrive/projet/dataset/Training/Training/smoking_0104.jpg,smoking,"(250, 250)",77.6328125
425,/content/drive/MyDrive/projet/dataset/Training/Training/smoking_0106.jpg,smoking,"(250, 250)",69.8720703125
426,/content/drive/MyDrive/projet/dataset/Training/Training/smoking_0107.jpg,smoking,"(250, 250)",77.8603515625
427,/content/drive/MyDrive/projet/dataset/Training/Training/smoking_0108.jpg,smoking,"(250, 250)",113.271484375
428,/content/drive/MyDrive/projet/dataset/Training/Training/smoking_0109.jpg,smoking,"(250, 250)",60.0400390625
429,/content/drive/MyDrive/projet/dataset/Training/Training/smoking_0110.jpg,smoking,"(250, 250)",97.201171875
430,/content/drive/MyDrive/projet/dataset/Training/Training/smoking_0112.jpg,smoking,"(250, 250)",71.216796875
431,/content/drive/MyDrive/projet/dataset/Training/Training/smoking_0114.jpg,smoking,"(250, 250)",70.8154296875
432,/content/drive/MyDrive/projet/dataset/Training/Training/smoking_0115.jpg,smoking,"(250, 250)",78.6220703125
433,/content/drive/MyDrive/projet/dataset/Training/Training/smoking_0116.jpg,smoking,"(250, 250)",80.7802734375
434,/content/drive/MyDrive/projet/dataset/Training/Training/smoking_0117.jpg,smoking,"(250, 250)",87.14453125
435,/content/drive/MyDrive/projet/dataset/Training/Training/smoking_0118.jpg,smoking,"(250, 250)",83.71484375
436,/content/drive/MyDrive/projet/dataset/Training/Training/smoking_0120.jpg,smoking,"(250, 250)",72.1923828125
437,/content/drive/MyDrive/projet/dataset/Training/Training/smoking_0121.jpg,smoking,"(250, 250)",79.6552734375
438,/content/drive/MyDrive/projet/dataset/Training/Training/smoking_0123.jpg,smoking,"(250, 250)",73.201171875
439,/content/drive/MyDrive/projet/dataset/Training/Training/smoking_0124.jpg,smoking,"(250, 250)",81.2431640625
440,/content/drive/MyDrive/projet/dataset/Training/Training/smoking_0125.jpg,smoking,"(250, 250)",97.4208984375
441,/content/drive/MyDrive/projet/dataset/Training/Training/smoking_0126.jpg,smoking,"(250, 250)",57.197265625
442,/content/drive/MyDrive/projet/dataset/Training/Training/smoking_0128.jpg,smoking,"(250, 250)",84.4365234375
443,/content/drive/MyDrive/projet/dataset/Training/Training/smoking_0130.jpg,smoking,"(250, 250)",68.3154296875
444,/content/drive/MyDrive/projet/dataset/Training/Training/smoking_0131.jpg,smoking,"(250, 250)",75.326171875
445,/content/drive/MyDrive/projet/dataset/Training/Training/smoking_0133.jpg,smoking,"(250, 250)",79.7080078125
446,/content/drive/MyDrive/projet/dataset/Training/Training/smoking_0134.jpg,smoking,"(250, 250)",123.3271484375
447,/content/drive/MyDrive/projet/dataset/Training/Training/smoking_0135.jpg,smoking,"(250, 250)",86.095703125
448,/content/drive/MyDrive/projet/dataset/Training/Training/smoking_0136.jpg,smoking,"(250, 250)",69.1015625
449,/content/drive/MyDrive/projet/dataset/Training/Training/smoking_0137.jpg,smoking,"(250, 250)",79.5908203125
450,/content/drive/MyDrive/projet/dataset/Training/Training/smoking_0138.jpg,smoking,"(250, 250)",84.2255859375
451,/content/drive/MyDrive/projet/dataset/Training/Training/smoking_0140.jpg,smoking,"(250, 250)",99.03125
452,/content/drive/MyDrive/projet/dataset/Training/Training/smoking_0141.jpg,smoking,"(250, 250)",100.0556640625
453,/content/drive/MyDrive/projet/dataset/Training/Training/smoking_0142.jpg,smoking,"(250, 250)",61.76953125
454,/content/drive/MyDrive/projet/dataset/Training/Training/smoking_0143.jpg,smoking,"(250, 250)",83.79296875
455,/content/drive/MyDrive/projet/dataset/Training/Training/smoking_0146.jpg,smoking,"(250, 250)",110.09375
456,/content/drive/MyDrive/projet/dataset/Training/Training/smoking_0147.jpg,smoking,"(250, 250)",71.791015625
457,/content/drive/MyDrive/projet/dataset/Training/Training/smoking_0148.jpg,smoking,"(250, 250)",80.328125
458,/content/drive/MyDrive/projet/dataset/Training/Training/smoking_0149.jpg,smoking,"(250, 250)",75.4375
459,/content/drive/MyDrive/projet/dataset/Training/Training/smoking_0151.jpg,smoking,"(250, 250)",83.5966796875
460,/content/drive/MyDrive/projet/dataset/Training/Training/smoking_0152.jpg,smoking,"(250, 250)",70.2587890625
461,/content/drive/MyDrive/projet/dataset/Training/Training/smoking_0155.jpg,smoking,"(250, 250)",84.41015625
462,/content/drive/MyDrive/projet/dataset/Training/Training/smoking_0156.jpg,smoking,"(250, 250)",67.078125
463,/content/drive/MyDrive/projet/dataset/Training/Training/smoking_0158.jpg,smoking,"(250, 250)",83.009765625
464,/content/drive/MyDrive/projet/dataset/Training/Training/smoking_0159.jpg,smoking,"(250, 250)",60.55078125
465,/content/drive/MyDrive/projet/dataset/Training/Training/smoking_0162.jpg,smoking,"(250, 250)",87.7294921875
466,/content/drive/MyDrive/projet/dataset/Training/Training/smoking_0164.jpg,smoking,"(250, 250)",100.228515625
467,/content/drive/MyDrive/projet/dataset/Training/Training/smoking_0165.jpg,smoking,"(250, 250)",82.5654296875
468,/content/drive/MyDrive/projet/dataset/Training/Training/smoking_0166.jpg,smoking,"(250, 250)",67.361328125
469,/content/drive/MyDrive/projet/dataset/Training/Training/smoking_0167.jpg,smoking,"(250, 250)",68.1396484375
470,/content/drive/MyDrive/projet/dataset/Training/Training/smoking_0168.jpg,smoking,"(250, 250)",52.1064453125
471,/content/drive/MyDrive/projet/dataset/Training/Training/smoking_0169.jpg,smoking,"(250, 250)",72.271484375
472,/content/drive/MyDrive/projet/dataset/Training/Training/smoking_0171.jpg,smoking,"(250, 250)",103.5234375
473,/content/drive/MyDrive/projet/dataset/Training/Training/smoking_0173.jpg,smoking,"(250, 250)",85.12109375
474,/content/drive/MyDrive/projet/dataset/Training/Training/smoking_0174.jpg,smoking,"(250, 250)",66.4462890625
475,/content/drive/MyDrive/projet/dataset/Training/Training/smoking_0175.jpg,smoking,"(250, 250)",78.779296875
476,/content/drive/MyDrive/projet/dataset/Training/Training/smoking_0178.jpg,smoking,"(250, 250)",133.2958984375
477,/content/drive/MyDrive/projet/dataset/Training/Training/smoking_0179.jpg,smoking,"(250, 250)",68.8994140625
478,/content/drive/MyDrive/projet/dataset/Training/Training/smoking_0180.jpg,smoking,"(250, 250)",100.5849609375
479,/content/drive/MyDrive/projet/dataset/Training/Training/smoking_0181.jpg,smoking,"(250, 250)",107.796875
480,/content/drive/MyDrive/projet/dataset/Training/Training/smoking_0183.jpg,smoking,"(250, 250)",91.9599609375
481,/content/drive/MyDrive/projet/dataset/Training/Training/smoking_0184.jpg,smoking,"(250, 250)",102.134765625
482,/content/drive/MyDrive/projet/dataset/Training/Training/smoking_0186.jpg,smoking,"(250, 250)",104.81640625
483,/content/drive/MyDrive/projet/dataset/Training/Training/smoking_0187.jpg,smoking,"(250, 250)",78.6494140625
484,/content/drive/MyDrive/projet/dataset/Training/Training/smoking_0188.jpg,smoking,"(250, 250)",77.65625
485,/content/drive/MyDrive/projet/dataset/Training/Training/smoking_0191.jpg,smoking,"(250, 250)",77.4130859375
486,/content/drive/MyDrive/projet/dataset/Training/Training/smoking_0193.jpg,smoking,"(250, 250)",59.736328125
487,/content/drive/MyDrive/projet/dataset/Training/Training/smoking_0194.jpg,smoking,"(250, 250)",79.955078125
488,/content/drive/MyDrive/projet/dataset/Training/Training/smoking_0195.jpg,smoking,"(250, 250)",80.6552734375
489,/content/drive/MyDrive/projet/dataset/Training/Training/smoking_0198.jpg,smoking,"(250, 250)",103.6279296875
490,/content/drive/MyDrive/projet/dataset/Training/Training/smoking_0200.jpg,smoking,"(250, 250)",81.828125
491,/content/drive/MyDrive/projet/dataset/Training/Training/smoking_0201.jpg,smoking,"(250, 250)",70.837890625
492,/content/drive/MyDrive/projet/dataset/Training/Training/smoking_0202.jpg,smoking,"(250, 250)",74.806640625
493,/content/drive/MyDrive/projet/dataset/Training/Training/smoking_0203.jpg,smoking,"(250, 250)",78.7939453125
494,/content/drive/MyDrive/projet/dataset/Training/Training/smoking_0204.jpg,smoking,"(250, 250)",84.322265625
495,/content/drive/MyDrive/projet/dataset/Training/Training/smoking_0207.jpg,smoking,"(250, 250)",85.8056640625
496,/content/drive/MyDrive/projet/dataset/Training/Training/smoking_0208.jpg,smoking,"(250, 250)",85.7685546875
497,/content/drive/MyDrive/projet/dataset/Training/Training/smoking_0209.jpg,smoking,"(250, 250)",93.9453125
498,/content/drive/MyDrive/projet/dataset/Training/Training/smoking_0212.jpg,smoking,"(250, 250)",63.7880859375
499,/content/drive/MyDrive/projet/dataset/Training/Training/smoking_0213.jpg,smoking,"(250, 250)",79.197265625
500,/content/drive/MyDrive/projet/dataset/Training/Training/smoking_0214.jpg,smoking,"(250, 250)",73.82421875
501,/content/drive/MyDrive/projet/dataset/Training/Training/smoking_0215.jpg,smoking,"(250, 250)",71.302734375
502,/content/drive/MyDrive/projet/dataset/Training/Training/smoking_0216.jpg,smoking,"(250, 250)",70.32421875
503,/content/drive/MyDrive/projet/dataset/Training/Training/smoking_0219.jpg,smoking,"(250, 250)",66.546875
504,/content/drive/MyDrive/projet/dataset/Training/Training/smoking_0220.jpg,smoking,"(250, 250)",72.5087890625
505,/content/drive/MyDrive/projet/dataset/Training/Training/smoking_0221.jpg,smoking,"(250, 250)",88.0595703125
506,/content/drive/MyDrive/projet/dataset/Training/Training/smoking_0223.jpg,smoking,"(250, 250)",62.8466796875
507,/content/drive/MyDrive/projet/dataset/Training/Training/smoking_0225.jpg,smoking,"(250, 250)",81.142578125
508,/content/drive/MyDrive/projet/dataset/Training/Training/smoking_0226.jpg,smoking,"(250, 250)",68.7265625
509,/content/drive/MyDrive/projet/dataset/Training/Training/smoking_0227.jpg,smoking,"(250, 250)",103.0107421875
510,/content/drive/MyDrive/projet/dataset/Training/Training/smoking_0228.jpg,smoking,"(250, 250)",85.650390625
511,/content/drive/MyDrive/projet/dataset/Training/Training/smoking_0229.jpg,smoking,"(250, 250)",78.0126953125
512,/content/drive/MyDrive/projet/dataset/Training/Training/smoking_0230.jpg,smoking,"(250, 250)",64.1142578125
513,/content/drive/MyDrive/projet/dataset/Training/Training/smoking_0231.jpg,smoking,"(250, 250)",77.5263671875
514,/content/drive/MyDrive/projet/dataset/Training/Training/smoking_0232.jpg,smoking,"(250, 250)",105.2314453125
515,/content/drive/MyDrive/projet/dataset/Training/Training/smoking_0233.jpg,smoking,"(250, 250)",66.6318359375
516,/content/drive/MyDrive/projet/dataset/Training/Training/smoking_0235.jpg,smoking,"(250, 250)",76.369140625
517,/content/drive/MyDrive/projet/dataset/Training/Training/smoking_0236.jpg,smoking,"(250, 250)",83.9765625
518,/content/drive/MyDrive/projet/dataset/Training/Training/smoking_0238.jpg,smoking,"(250, 250)",58.80078125
519,/content/drive/MyDrive/projet/dataset/Training/Training/smoking_0239.jpg,smoking,"(250, 250)",53.6201171875
520,/content/drive/MyDrive/projet/dataset/Training/Training/smoking_0242.jpg,smoking,"(250, 250)",74.958984375
521,/content/drive/MyDrive/projet/dataset/Training/Training/smoking_0243.jpg,smoking,"(250, 250)",76.390625
522,/content/drive/MyDrive/projet/dataset/Training/Training/smoking_0245.jpg,smoking,"(250, 250)",82.453125
523,/content/drive/MyDrive/projet/dataset/Training/Training/smoking_0247.jpg,smoking,"(250, 250)",97.0419921875
524,/content/drive/MyDrive/projet/dataset/Training/Training/smoking_0248.jpg,smoking,"(250, 250)",88.330078125
525,/content/drive/MyDrive/projet/dataset/Training/Training/smoking_0249.jpg,smoking,"(250, 250)",87.5390625
526,/content/drive/MyDrive/projet/dataset/Training/Training/smoking_0250.jpg,smoking,"(250, 250)",76.390625
527,/content/drive/MyDrive/projet/dataset/Training/Training/smoking_0251.jpg,smoking,"(250, 250)",76.583984375
528,/content/drive/MyDrive/projet/dataset/Training/Training/smoking_0252.jpg,smoking,"(250, 250)",65.90234375
529,/content/drive/MyDrive/projet/dataset/Training/Training/smoking_0253.jpg,smoking,"(250, 250)",87.583984375
530,/content/drive/MyDrive/projet/dataset/Training/Training/smoking_0256.jpg,smoking,"(250, 250)",99.8779296875
531,/content/drive/MyDrive/projet/dataset/Training/Training/smoking_0257.jpg,smoking,"(250, 250)",68.6201171875
532,/content/drive/MyDrive/projet/dataset/Training/Training/smoking_0258.jpg,smoking,"(250, 250)",75.197265625
533,/content/drive/MyDrive/projet/dataset/Training/Training/smoking_0259.jpg,smoking,"(250, 250)",76.3134765625
534,/content/drive/MyDrive/projet/dataset/Training/Training/smoking_0262.jpg,smoking,"(250, 250)",110.9609375
535,/content/drive/MyDrive/projet/dataset/Training/Training/smoking_0263.jpg,smoking,"(250, 250)",66.326171875
536,/content/drive/MyDrive/projet/dataset/Training/Training/smoking_0265.jpg,smoking,"(250, 250)",76.10546875
537,/content/drive/MyDrive/projet/dataset/Training/Training/smoking_0266.jpg,smoking,"(250, 250)",70.6484375
538,/content/drive/MyDrive/projet/dataset/Training/Training/smoking_0267.jpg,smoking,"(250, 250)",93.7685546875
539,/content/drive/MyDrive/projet/dataset/Training/Training/smoking_0269.jpg,smoking,"(250, 250)",59.1904296875
540,/content/drive/MyDrive/projet/dataset/Training/Training/smoking_0270.jpg,smoking,"(250, 250)",57.7568359375
541,/content/drive/MyDrive/projet/dataset/Training/Training/smoking_0271.jpg,smoking,"(250, 250)",85.9931640625
542,/content/drive/MyDrive/projet/dataset/Training/Training/smoking_0272.jpg,smoking,"(250, 250)",40.8310546875
543,/content/drive/MyDrive/projet/dataset/Training/Training/smoking_0273.jpg,smoking,"(250, 250)",77.947265625
544,/content/drive/MyDrive/projet/dataset/Training/Training/smoking_0274.jpg,smoking,"(250, 250)",58.8837890625
545,/content/drive/MyDrive/projet/dataset/Training/Training/smoking_0275.jpg,smoking,"(250, 250)",92.1103515625
546,/content/drive/MyDrive/projet/dataset/Training/Training/smoking_0276.jpg,smoking,"(250, 250)",50.8271484375
547,/content/drive/MyDrive/projet/dataset/Training/Training/smoking_0278.jpg,smoking,"(250, 250)",61.8828125
548,/content/drive/MyDrive/projet/dataset/Training/Training/smoking_0283.jpg,smoking,"(250, 250)",63.330078125
549,/content/drive/MyDrive/projet/dataset/Training/Training/smoking_0284.jpg,smoking,"(250, 250)",44.509765625
550,/content/drive/MyDrive/projet/dataset/Training/Training/smoking_0285.jpg,smoking,"(250, 250)",75.1259765625
551,/content/drive/MyDrive/projet/dataset/Training/Training/smoking_0286.jpg,smoking,"(250, 250)",61.5478515625
552,/content/drive/MyDrive/projet/dataset/Training/Training/smoking_0288.jpg,smoking,"(250, 250)",65.6474609375
553,/content/drive/MyDrive/projet/dataset/Training/Training/smoking_0289.jpg,smoking,"(250, 250)",65.73046875
554,/content/drive/MyDrive/projet/dataset/Training/Training/smoking_0290.jpg,smoking,"(250, 250)",52.48046875
555,/content/drive/MyDrive/projet/dataset/Training/Training/smoking_0293.jpg,smoking,"(250, 250)",70.716796875
556,/content/drive/MyDrive/projet/dataset/Training/Training/smoking_0294.jpg,smoking,"(250, 250)",55.1552734375
557,/content/drive/MyDrive/projet/dataset/Training/Training/smoking_0295.jpg,smoking,"(250, 250)",54.32421875
558,/content/drive/MyDrive/projet/dataset/Training/Training/smoking_0296.jpg,smoking,"(250, 250)",61.306640625
559,/content/drive/MyDrive/projet/dataset/Training/Training/smoking_0297.jpg,smoking,"(250, 250)",66.47265625
560,/content/drive/MyDrive/projet/dataset/Training/Training/smoking_0299.jpg,smoking,"(250, 250)",76.5341796875
561,/content/drive/MyDrive/projet/dataset/Training/Training/smoking_0302.jpg,smoking,"(250, 250)",53.46875
562,/content/drive/MyDrive/projet/dataset/Training/Training/smoking_0304.jpg,smoking,"(250, 250)",70.39453125
563,/content/drive/MyDrive/projet/dataset/Training/Training/smoking_0305.jpg,smoking,"(250, 250)",76.08203125
564,/content/drive/MyDrive/projet/dataset/Training/Training/smoking_0306.jpg,smoking,"(250, 250)",48.666015625
565,/content/drive/MyDrive/projet/dataset/Training/Training/smoking_0307.jpg,smoking,"(250, 250)",35.0869140625
566,/content/drive/MyDrive/projet/dataset/Training/Training/smoking_0309.jpg,smoking,"(250, 250)",76.0234375
567,/content/drive/MyDrive/projet/dataset/Training/Training/smoking_0310.jpg,smoking,"(250, 250)",54.8955078125
568,/content/drive/MyDrive/projet/dataset/Training/Training/smoking_0312.jpg,smoking,"(250, 250)",65.3642578125
569,/content/drive/MyDrive/projet/dataset/Training/Training/smoking_0313.jpg,smoking,"(250, 250)",65.162109375
570,/content/drive/MyDrive/projet/dataset/Training/Training/smoking_0314.jpg,smoking,"(250, 250)",46.021484375
571,/content/drive/MyDrive/projet/dataset/Training/Training/smoking_0315.jpg,smoking,"(250, 250)",52.9677734375
572,/content/drive/MyDrive/projet/dataset/Training/Training/smoking_0316.jpg,smoking,"(250, 250)",49.7783203125
573,/content/drive/MyDrive/projet/dataset/Training/Training/smoking_0317.jpg,smoking,"(250, 250)",64.587890625
574,/content/drive/MyDrive/projet/dataset/Training/Training/smoking_0318.jpg,smoking,"(250, 250)",67.6767578125
575,/content/drive/MyDrive/projet/dataset/Training/Training/smoking_0319.jpg,smoking,"(250, 250)",65.1171875
576,/content/drive/MyDrive/projet/dataset/Training/Training/smoking_0323.jpg,smoking,"(250, 250)",85.0302734375
577,/content/drive/MyDrive/projet/dataset/Training/Training/smoking_0324.jpg,smoking,"(250, 250)",72.14453125
578,/content/drive/MyDrive/projet/dataset/Training/Training/smoking_0326.jpg,smoking,"(250, 250)",41.697265625
579,/content/drive/MyDrive/projet/dataset/Training/Training/smoking_0327.jpg,smoking,"(250, 250)",56.5732421875
580,/content/drive/MyDrive/projet/dataset/Training/Training/smoking_0328.jpg,smoking,"(250, 250)",74.837890625
581,/content/drive/MyDrive/projet/dataset/Training/Training/smoking_0331.jpg,smoking,"(250, 250)",94.767578125
582,/content/drive/MyDrive/projet/dataset/Training/Training/smoking_0333.jpg,smoking,"(250, 250)",69.6474609375
583,/content/drive/MyDrive/projet/dataset/Training/Training/smoking_0335.jpg,smoking,"(250, 250)",79.3310546875
584,/content/drive/MyDrive/projet/dataset/Training/Training/smoking_0336.jpg,smoking,"(250, 250)",89.5419921875
585,/content/drive/MyDrive/projet/dataset/Training/Training/smoking_0337.jpg,smoking,"(250, 250)",67.3193359375
586,/content/drive/MyDrive/projet/dataset/Training/Training/smoking_0338.jpg,smoking,"(250, 250)",75.3916015625
587,/content/drive/MyDrive/projet/dataset/Training/Training/smoking_0341.jpg,smoking,"(250, 250)",63.1416015625
588,/content/drive/MyDrive/projet/dataset/Training/Training/smoking_0343.jpg,smoking,"(250, 250)",65.8212890625
589,/content/drive/MyDrive/projet/dataset/Training/Training/smoking_0344.jpg,smoking,"(250, 250)",74.5595703125
590,/content/drive/MyDrive/projet/dataset/Training/Training/smoking_0347.jpg,smoking,"(250, 250)",73.6240234375
591,/content/drive/MyDrive/projet/dataset/Training/Training/smoking_0348.jpg,smoking,"(250, 250)",68.5087890625
592,/content/drive/MyDrive/projet/dataset/Training/Training/smoking_0350.jpg,smoking,"(250, 250)",84.658203125
593,/content/drive/MyDrive/projet/dataset/Training/Training/smoking_0353.jpg,smoking,"(250, 250)",69.5888671875
594,/content/drive/MyDrive/projet/dataset/Training/Training/smoking_0354.jpg,smoking,"(250, 250)",71.7109375
595,/content/drive/MyDrive/projet/dataset/Training/Training/smoking_0355.jpg,smoking,"(250, 250)",76.6796875
596,/content/drive/MyDrive/projet/dataset/Training/Training/smoking_0356.jpg,smoking,"(250, 250)",82.7822265625
597,/content/drive/MyDrive/projet/dataset/Training/Training/smoking_0357.jpg,smoking,"(250, 250)",63.1640625
598,/content/drive/MyDrive/projet/dataset/Training/Training/smoking_0358.jpg,smoking,"(250, 250)",71.7626953125
599,/content/drive/MyDrive/projet/dataset/Training/Training/smoking_0359.jpg,smoking,"(250, 250)",80.8125
600,/content/drive/MyDrive/projet/dataset/Training/Training/smoking_0360.jpg,smoking,"(250, 250)",73.8681640625
601,/content/drive/MyDrive/projet/dataset/Training/Training/smoking_0363.jpg,smoking,"(250, 250)",64.826171875
602,/content/drive/MyDrive/projet/dataset/Training/Training/smoking_0364.jpg,smoking,"(250, 250)",71.181640625
603,/content/drive/MyDrive/projet/dataset/Training/Training/smoking_0365.jpg,smoking,"(250, 250)",74.0166015625
604,/content/drive/MyDrive/projet/dataset/Training/Training/smoking_0366.jpg,smoking,"(250, 250)",60.9560546875
605,/content/drive/MyDrive/projet/dataset/Training/Training/smoking_0367.jpg,smoking,"(250, 250)",84.8095703125
606,/content/drive/MyDrive/projet/dataset/Training/Training/smoking_0370.jpg,smoking,"(250, 250)",95.287109375
607,/content/drive/MyDrive/projet/dataset/Training/Training/smoking_0371.jpg,smoking,"(250, 250)",53.3779296875
608,/content/drive/MyDrive/projet/dataset/Training/Training/smoking_0373.jpg,smoking,"(250, 250)",53.5693359375
609,/content/drive/MyDrive/projet/dataset/Training/Training/smoking_0376.jpg,smoking,"(250, 250)",71.251953125
610,/content/drive/MyDrive/projet/dataset/Training/Training/smoking_0379.jpg,smoking,"(250, 250)",61.1005859375
611,/content/drive/MyDrive/projet/dataset/Training/Training/smoking_0380.jpg,smoking,"(250, 250)",79.1181640625
612,/content/drive/MyDrive/projet/dataset/Training/Training/smoking_0382.jpg,smoking,"(250, 250)",71.5400390625
613,/content/drive/MyDrive/projet/dataset/Training/Training/smoking_0383.jpg,smoking,"(250, 250)",60.2490234375
614,/content/drive/MyDrive/projet/dataset/Training/Training/smoking_0384.jpg,smoking,"(250, 250)",53.2001953125
615,/content/drive/MyDrive/projet/dataset/Training/Training/smoking_0386.jpg,smoking,"(250, 250)",81.15625
616,/content/drive/MyDrive/projet/dataset/Training/Training/smoking_0387.jpg,smoking,"(250, 250)",77.1435546875
617,/content/drive/MyDrive/projet/dataset/Training/Training/smoking_0388.jpg,smoking,"(250, 250)",73.0048828125
618,/content/drive/MyDrive/projet/dataset/Training/Training/smoking_0389.jpg,smoking,"(250, 250)",53.4365234375
619,/content/drive/MyDrive/projet/dataset/Training/Training/smoking_0392.jpg,smoking,"(250, 250)",66.6259765625
620,/content/drive/MyDrive/projet/dataset/Training/Training/smoking_0393.jpg,smoking,"(250, 250)",79.0126953125
621,/content/drive/MyDrive/projet/dataset/Training/Training/smoking_0394.jpg,smoking,"(250, 250)",68.2646484375
622,/content/drive/MyDrive/projet/dataset/Training/Training/smoking_0395.jpg,smoking,"(250, 250)",81.8388671875
623,/content/drive/MyDrive/projet/dataset/Training/Training/smoking_0396.jpg,smoking,"(250, 250)",71.5263671875
624,/content/drive/MyDrive/projet/dataset/Training/Training/smoking_0399.jpg,smoking,"(250, 250)",75.7412109375
625,/content/drive/MyDrive/projet/dataset/Training/Training/smoking_0401.jpg,smoking,"(250, 250)",72.1767578125
626,/content/drive/MyDrive/projet/dataset/Training/Training/smoking_0402.jpg,smoking,"(250, 250)",61.962890625
627,/content/drive/MyDrive/projet/dataset/Training/Training/smoking_0404.jpg,smoking,"(250, 250)",60.18359375
628,/content/drive/MyDrive/projet/dataset/Training/Training/smoking_0405.jpg,smoking,"(250, 250)",62.990234375
629,/content/drive/MyDrive/projet/dataset/Training/Training/smoking_0408.jpg,smoking,"(250, 250)",54.7763671875
630,/content/drive/MyDrive/projet/dataset/Training/Training/smoking_0410.jpg,smoking,"(250, 250)",86.0439453125
631,/content/drive/MyDrive/projet/dataset/Training/Training/smoking_0414.jpg,smoking,"(250, 250)",74.029296875
632,/content/drive/MyDrive/projet/dataset/Training/Training/smoking_0415.jpg,smoking,"(250, 250)",67.330078125
633,/content/drive/MyDrive/projet/dataset/Training/Training/smoking_0416.jpg,smoking,"(250, 250)",76.9423828125
634,/content/drive/MyDrive/projet/dataset/Training/Training/smoking_0418.jpg,smoking,"(250, 250)",96.0908203125
635,/content/drive/MyDrive/projet/dataset/Training/Training/smoking_0419.jpg,smoking,"(250, 250)",67.0087890625
636,/content/drive/MyDrive/projet/dataset/Training/Training/smoking_0420.jpg,smoking,"(250, 250)",71.228515625
637,/content/drive/MyDrive/projet/dataset/Training/Training/smoking_0421.jpg,smoking,"(250, 250)",83.7802734375
638,/content/drive/MyDrive/projet/dataset/Training/Training/smoking_0422.jpg,smoking,"(250, 250)",55.2666015625
639,/content/drive/MyDrive/projet/dataset/Training/Training/smoking_0427.jpg,smoking,"(250, 250)",71.865234375
640,/content/drive/MyDrive/projet/dataset/Training/Training/smoking_0428.jpg,smoking,"(250, 250)",83.0439453125
641,/content/drive/MyDrive/projet/dataset/Training/Training/smoking_0430.jpg,smoking,"(250, 250)",78.302734375
642,/content/drive/MyDrive/projet/dataset/Training/Training/smoking_0431.jpg,smoking,"(250, 250)",105.013671875
643,/content/drive/MyDrive/projet/dataset/Training/Training/smoking_0432.jpg,smoking,"(250, 250)",73.0419921875
644,/content/drive/MyDrive/projet/dataset/Training/Training/smoking_0433.jpg,smoking,"(250, 250)",86.05859375
645,/content/drive/MyDrive/projet/dataset/Training/Training/smoking_0434.jpg,smoking,"(250, 250)",59.34765625
646,/content/drive/MyDrive/projet/dataset/Training/Training/smoking_0435.jpg,smoking,"(250, 250)",45.509765625
647,/content/drive/MyDrive/projet/dataset/Training/Training/smoking_0438.jpg,smoking,"(250, 250)",94.060546875
648,/content/drive/MyDrive/projet/dataset/Training/Training/smoking_0439.jpg,smoking,"(250, 250)",74.7216796875
649,/content/drive/MyDrive/projet/dataset/Training/Training/smoking_0440.jpg,smoking,"(250, 250)",67.7060546875
650,/content/drive/MyDrive/projet/dataset/Training/Training/smoking_0442.jpg,smoking,"(250, 250)",58.7568359375
651,/content/drive/MyDrive/projet/dataset/Training/Training/smoking_0444.jpg,smoking,"(250, 250)",56.048828125
652,/content/drive/MyDrive/projet/dataset/Training/Training/smoking_0448.jpg,smoking,"(250, 250)",77.6279296875
653,/content/drive/MyDrive/projet/dataset/Training/Training/smoking_0449.jpg,smoking,"(250, 250)",92.0009765625
654,/content/drive/MyDrive/projet/dataset/Training/Training/smoking_0450.jpg,smoking,"(250, 250)",67.1201171875
655,/content/drive/MyDrive/projet/dataset/Training/Training/smoking_0452.jpg,smoking,"(250, 250)",60.4091796875
656,/content/drive/MyDrive/projet/dataset/Training/Training/smoking_0453.jpg,smoking,"(250, 250)",61.9599609375
657,/content/drive/MyDrive/projet/dataset/Training/Training/smoking_0455.jpg,smoking,"(250, 250)",79.8603515625
658,/content/drive/MyDrive/projet/dataset/Training/Training/smoking_0456.jpg,smoking,"(250, 250)",73.53515625
659,/content/drive/MyDrive/projet/dataset/Training/Training/smoking_0458.jpg,smoking,"(250, 250)",54.8017578125
660,/content/drive/MyDrive/projet/dataset/Training/Training/smoking_0459.jpg,smoking,"(250, 250)",77.951171875
661,/content/drive/MyDrive/projet/dataset/Training/Training/smoking_0461.jpg,smoking,"(250, 250)",65.1611328125
662,/content/drive/MyDrive/projet/dataset/Training/Training/smoking_0462.jpg,smoking,"(250, 250)",69.900390625
663,/content/drive/MyDrive/projet/dataset/Training/Training/smoking_0463.jpg,smoking,"(250, 250)",65.830078125
664,/content/drive/MyDrive/projet/dataset/Training/Training/smoking_0465.jpg,smoking,"(250, 250)",68.9921875
665,/content/drive/MyDrive/projet/dataset/Training/Training/smoking_0466.jpg,smoking,"(250, 250)",91.498046875
666,/content/drive/MyDrive/projet/dataset/Training/Training/smoking_0468.jpg,smoking,"(250, 250)",64.8134765625
667,/content/drive/MyDrive/projet/dataset/Training/Training/smoking_0470.jpg,smoking,"(250, 250)",76.1669921875
668,/content/drive/MyDrive/projet/dataset/Training/Training/smoking_0473.jpg,smoking,"(250, 250)",50.099609375
669,/content/drive/MyDrive/projet/dataset/Training/Training/smoking_0475.jpg,smoking,"(250, 250)",54.572265625
670,/content/drive/MyDrive/projet/dataset/Training/Training/smoking_0476.jpg,smoking,"(250, 250)",58.0771484375
671,/content/drive/MyDrive/projet/dataset/Training/Training/smoking_0478.jpg,smoking,"(250, 250)",63.5009765625
672,/content/drive/MyDrive/projet/dataset/Training/Training/smoking_0480.jpg,smoking,"(250, 250)",68.4501953125
673,/content/drive/MyDrive/projet/dataset/Training/Training/smoking_0483.jpg,smoking,"(250, 250)",55.9580078125
674,/content/drive/MyDrive/projet/dataset/Training/Training/smoking_0485.jpg,smoking,"(250, 250)",48.7744140625
675,/content/drive/MyDrive/projet/dataset/Training/Training/smoking_0488.jpg,smoking,"(250, 250)",91.6728515625
676,/content/drive/MyDrive/projet/dataset/Training/Training/smoking_0489.jpg,smoking,"(250, 250)",49.1865234375
677,/content/drive/MyDrive/projet/dataset/Training/Training/smoking_0491.jpg,smoking,"(250, 250)",99.04296875
678,/content/drive/MyDrive/projet/dataset/Training/Training/smoking_0492.jpg,smoking,"(250, 250)",72.2041015625
679,/content/drive/MyDrive/projet/dataset/Training/Training/smoking_0493.jpg,smoking,"(250, 250)",88.1962890625
680,/content/drive/MyDrive/projet/dataset/Training/Training/smoking_0495.jpg,smoking,"(250, 250)",78.5224609375
681,/content/drive/MyDrive/projet/dataset/Training/Training/smoking_0497.jpg,smoking,"(250, 250)",81.283203125
682,/content/drive/MyDrive/projet/dataset/Training/Training/smoking_0498.jpg,smoking,"(250, 250)",87.2919921875
683,/content/drive/MyDrive/projet/dataset/Training/Training/smoking_0499.jpg,smoking,"(250, 250)",82.80078125
684,/content/drive/MyDrive/projet/dataset/Training/Training/smoking_0500.jpg,smoking,"(250, 250)",77.53515625
685,/content/drive/MyDrive/projet/dataset/Training/Training/smoking_0501.jpg,smoking,"(250, 250)",72.7685546875
686,/content/drive/MyDrive/projet/dataset/Training/Training/smoking_0502.jpg,smoking,"(250, 250)",56.7646484375
687,/content/drive/MyDrive/projet/dataset/Training/Training/smoking_0503.jpg,smoking,"(250, 250)",79.22265625
688,/content/drive/MyDrive/projet/dataset/Training/Training/smoking_0504.jpg,smoking,"(250, 250)",83.7470703125
689,/content/drive/MyDrive/projet/dataset/Training/Training/smoking_0505.jpg,smoking,"(250, 250)",112.1259765625
690,/content/drive/MyDrive/projet/dataset/Training/Training/smoking_0508.jpg,smoking,"(250, 250)",46.0615234375
691,/content/drive/MyDrive/projet/dataset/Training/Training/smoking_0509.jpg,smoking,"(250, 250)",87.3876953125
692,/content/drive/MyDrive/projet/dataset/Training/Training/smoking_0510.jpg,smoking,"(250, 250)",103.5693359375
693,/content/drive/MyDrive/projet/dataset/Training/Training/smoking_0512.jpg,smoking,"(250, 250)",65.1796875
694,/content/drive/MyDrive/projet/dataset/Training/Training/smoking_0517.jpg,smoking,"(250, 250)",70.501953125
695,/content/drive/MyDrive/projet/dataset/Training/Training/smoking_0518.jpg,smoking,"(250, 250)",78.4853515625
696,/content/drive/MyDrive/projet/dataset/Training/Training/smoking_0523.jpg,smoking,"(250, 250)",77.85546875
697,/content/drive/MyDrive/projet/dataset/Training/Training/smoking_0524.jpg,smoking,"(250, 250)",99.841796875
698,/content/drive/MyDrive/projet/dataset/Training/Training/smoking_0526.jpg,smoking,"(250, 250)",45.912109375
699,/content/drive/MyDrive/projet/dataset/Training/Training/smoking_0529.jpg,smoking,"(250, 250)",99.6103515625
700,/content/drive/MyDrive/projet/dataset/Training/Training/smoking_0530.jpg,smoking,"(250, 250)",80.548828125
701,/content/drive/MyDrive/projet/dataset/Training/Training/smoking_0531.jpg,smoking,"(250, 250)",72.912109375
702,/content/drive/MyDrive/projet/dataset/Training/Training/smoking_0532.jpg,smoking,"(250, 250)",82.158203125
703,/content/drive/MyDrive/projet/dataset/Training/Training/smoking_0535.jpg,smoking,"(250, 250)",84.580078125
704,/content/drive/MyDrive/projet/dataset/Training/Training/smoking_0537.jpg,smoking,"(250, 250)",74.65234375
705,/content/drive/MyDrive/projet/dataset/Training/Training/smoking_0538.jpg,smoking,"(250, 250)",63.4951171875
706,/content/drive/MyDrive/projet/dataset/Training/Training/smoking_0539.jpg,smoking,"(250, 250)",95.74609375
707,/content/drive/MyDrive/projet/dataset/Training/Training/smoking_0543.jpg,smoking,"(250, 250)",118.8173828125
708,/content/drive/MyDrive/projet/dataset/Training/Training/smoking_0544.jpg,smoking,"(250, 250)",64.1630859375
709,/content/drive/MyDrive/projet/dataset/Training/Training/smoking_0548.jpg,smoking,"(250, 250)",57.6298828125
710,/content/drive/MyDrive/projet/dataset/Training/Training/smoking_0549.jpg,smoking,"(250, 250)",62.2373046875
711,/content/drive/MyDrive/projet/dataset/Training/Training/smoking_0550.jpg,smoking,"(250, 250)",79.5458984375
712,/content/drive/MyDrive/projet/dataset/Training/Training/smoking_0552.jpg,smoking,"(250, 250)",75.6123046875
713,/content/drive/MyDrive/projet/dataset/Training/Training/smoking_0554.jpg,smoking,"(250, 250)",50.84375
714,/content/drive/MyDrive/projet/dataset/Training/Training/smoking_0557.jpg,smoking,"(250, 250)",78.681640625
715,/content/drive/MyDrive/projet/dataset/Training/Training/smoking_0560.jpg,smoking,"(250, 250)",65.455078125
